time,seconds_elapsed,z,y,x
1761132214439633000,0.1336328125,-0.8844747543334961,2.8704137802124023,-0.6239709258079529
1761132214449661000,0.143660888671875,-1.013753890991211,2.8872246742248535,-1.0151817798614502
1761132214459659800,0.15365966796875,-0.9011898040771484,2.840048313140869,-1.220373272895813
1761132214469659400,0.163659423828125,-0.6281442642211914,2.750858783721924,-1.330918788909912
1761132214479659000,0.173658935546875,-0.14434814453125,2.6210360527038574,-1.3678319454193115
1761132214489659000,0.183658935546875,0.023241043090820312,2.4480788707733154,-1.2772163152694702
1761132214499658500,0.193658447265625,-0.33806514739990234,2.371858835220337,-1.1244926452636719
1761132214509658400,0.203658447265625,-0.2082204818725586,2.580366849899292,-0.9564670324325562
1761132214519658200,0.213658203125,-0.2125244140625,2.642256021499634,-0.6796598434448242
1761132214529658000,0.223658203125,-0.19289398193359375,2.6423099040985107,-0.4269709587097168
1761132214539658000,0.233657958984375,0.23635292053222656,2.5179009437561035,-0.049641892313957214
1761132214549657900,0.243657958984375,0.23717308044433594,2.5126442909240723,-0.07934844493865967
1761132214559657700,0.25365771484375,0.7193012237548828,2.113142967224121,0.43258151412010193
1761132214569657900,0.263657958984375,0.7202939987182617,2.0940134525299072,0.4109647274017334
1761132214579657700,0.27365771484375,0.2881298065185547,2.2476682662963867,-0.1979055106639862
1761132214589657600,0.28365771484375,0.1772613525390625,2.3919966220855713,-0.5307610630989075
1761132214599657700,0.29365771484375,0.09340381622314453,2.3305087089538574,-0.7181917428970337
1761132214609655800,0.30365576171875,-0.09983634948730469,2.120002508163452,-0.7983278036117554
1761132214619655700,0.31365576171875,-0.3763437271118164,2.081265687942505,-0.8417023420333862
1761132214629655800,0.32365576171875,-0.6215095520019531,2.3286967277526855,-1.0772289037704468
1761132214639655700,0.33365576171875,-1.120931625366211,2.0690603256225586,-0.8206702470779419
1761132214649655600,0.343655517578125,-1.1876115798950195,2.0567920207977295,-0.9683873057365417
1761132214659655700,0.35365576171875,-0.9796609878540039,2.119622230529785,-1.0529870986938477
1761132214669655600,0.363655517578125,-0.7481765747070312,2.3452701568603516,-1.1042237281799316
1761132214679655700,0.37365576171875,-0.8589982986450195,2.0961923599243164,-0.945805549621582
1761132214689655600,0.383655517578125,-0.981541633605957,1.8406798839569092,-0.6966772675514221
1761132214699655400,0.393655517578125,-1.1494970321655273,1.6541626453399658,-0.5556803345680237
1761132214709655600,0.403655517578125,-1.1694450378417969,1.4894979000091553,-0.4386340081691742
1761132214719655400,0.413655517578125,-0.730586051940918,1.4775094985961914,-0.009078413248062134
1761132214729655300,0.4236552734375,-0.4698333740234375,1.6714508533477783,-0.13417932391166687
1761132214739655400,0.433655517578125,-0.6310892105102539,1.3362452983856201,0.12339374423027039
1761132214749655300,0.4436552734375,-1.0776891708374023,1.4111751317977905,0.20506763458251953
1761132214759655200,0.4536552734375,-1.7373638153076172,1.129172444343567,0.41965237259864807
1761132214769655300,0.4636552734375,-2.0139622688293457,1.7985429763793945,0.19640406966209412
1761132214779655200,0.4736552734375,-2.173264980316162,1.8630859851837158,0.1328498125076294
1761132214789655300,0.4836552734375,-2.261117458343506,1.6203356981277466,0.7122236490249634
1761132214799655200,0.4936552734375,-2.550252914428711,1.437282919883728,0.8975110650062561
1761132214809654500,0.503654541015625,-3.093845844268799,1.2715895175933838,0.6195900440216064
1761132214819654400,0.513654296875,-3.1525936126708984,1.555067539215088,-0.055814117193222046
1761132214829654500,0.523654541015625,-3.494696617126465,1.6823393106460571,-0.2420213222503662
1761132214839654400,0.533654296875,-3.7773666381835938,1.6147990226745605,-0.30689406394958496
1761132214849654500,0.543654541015625,-3.935525894165039,1.7153316736221313,-0.5641458034515381
1761132214859654400,0.553654296875,-3.827394962310791,1.9347294569015503,-0.6618976593017578
1761132214869654300,0.563654296875,-3.5074119567871094,2.1310620307922363,-0.8738110661506653
1761132214879654400,0.573654296875,-3.293363094329834,2.186426877975464,-0.6267759799957275
1761132214889654300,0.583654296875,-3.2925963401794434,2.3268957138061523,-0.5904303789138794
1761132214899654400,0.593654296875,-3.1961002349853516,2.6033735275268555,-0.3425675630569458
1761132214909655300,0.6036552734375,-3.066166877746582,2.732388734817505,-0.515064001083374
1761132214919655400,0.613655517578125,-2.653904914855957,2.7215521335601807,-0.5471338629722595
1761132214929655300,0.6236552734375,-2.3905348777770996,2.6920604705810547,-0.7097612619400024
1761132214939655400,0.633655517578125,-2.3845419883728027,2.6876816749572754,-0.8596845865249634
1761132214949655300,0.6436552734375,-2.5937042236328125,2.694591999053955,-0.9748432636260986
1761132214959655400,0.653655517578125,-3.078730583190918,2.8061280250549316,-1.034633755683899
1761132214969655300,0.6636552734375,-3.497861862182617,3.058199167251587,-0.9925925731658936
1761132214979655400,0.673655517578125,-3.53523588180542,3.321660041809082,-1.0873298645019531
1761132214989655300,0.6836552734375,-3.4228549003601074,3.44181489944458,-1.1645973920822144
1761132214999655400,0.693655517578125,-3.1369786262512207,3.6332054138183594,-1.3515872955322266
1761132215009654500,0.703654541015625,-2.713761806488037,3.8230714797973633,-1.448103427886963
1761132215019654400,0.713654296875,-2.036001205444336,3.858360767364502,-1.4089782238006592
1761132215029654500,0.723654541015625,-1.266571044921875,3.8088998794555664,-1.372625470161438
1761132215039654400,0.733654296875,-0.5469808578491211,3.9613919258117676,-1.425011157989502
1761132215049654500,0.743654541015625,0.38936805725097656,4.162827491760254,-1.2386729717254639
1761132215059654400,0.753654296875,2.150303840637207,4.405208587646484,-1.0259475708007812
1761132215069654500,0.763654541015625,5.012955665588379,4.651193141937256,-1.426940679550171
1761132215079654400,0.773654296875,9.283496856689453,4.452749252319336,-2.315514326095581
1761132215089654500,0.783654541015625,14.651998519897461,3.4277634620666504,-3.0289220809936523
1761132215099654400,0.793654296875,19.834716796875,2.2575020790100098,-3.300916910171509
1761132215109655300,0.8036552734375,19.829988479614258,2.18465256690979,-3.3592095375061035
1761132215119655400,0.813655517578125,23.721166610717773,1.7277648448944092,-1.2558913230895996
1761132215129655300,0.8236552734375,22.313745498657227,2.5775458812713623,0.3742876648902893
1761132215139655400,0.833655517578125,19.8216609954834,3.359557628631592,0.7058074474334717
1761132215149655300,0.8436552734375,16.78166961669922,3.8810014724731445,0.40275269746780396
1761132215159655400,0.853655517578125,14.103025436401367,4.078309059143066,0.28230780363082886
1761132215169655300,0.8636552734375,12.346373558044434,4.186842441558838,0.7450170516967773
1761132215179655400,0.873655517578125,11.160382270812988,4.846036434173584,1.7976545095443726
1761132215189655300,0.8836552734375,11.175398826599121,4.638679504394531,1.8329780101776123
1761132215199655400,0.893655517578125,9.474984169006348,5.35694694519043,3.3757240772247314
1761132215209654500,0.903654541015625,7.836783409118652,5.093908786773682,3.158928632736206
1761132215219654400,0.913654296875,5.017339706420898,4.642104148864746,2.960638999938965
1761132215229654500,0.923654541015625,2.8085508346557617,4.460775375366211,2.480356216430664
1761132215239654400,0.933654296875,1.703216552734375,3.761551856994629,1.4356234073638916
1761132215249654500,0.943654541015625,0.9684715270996094,2.7329115867614746,0.29153165221214294
1761132215259654400,0.953654296875,0.6040143966674805,1.796277642250061,-0.6972048282623291
1761132215269654500,0.963654541015625,0.4019603729248047,1.204277753829956,-1.5018502473831177
1761132215279654400,0.973654296875,-0.2516155242919922,0.6017839312553406,-1.4625033140182495
1761132215289654500,0.983654541015625,-1.5801973342895508,-0.1648329496383667,0.05893683433532715
1761132215299654400,0.993654296875,-2.401458740234375,1.9230597019195557,-1.6572853326797485
1761132215309655300,1.0036552734375,-4.98222541809082,0.7983709573745728,0.242084801197052
1761132215319655200,1.0136552734375,-8.084907531738281,-0.29162269830703735,1.5634729862213135
1761132215329655300,1.0236552734375,-10.951727867126465,-0.36626702547073364,1.5772970914840698
1761132215339655200,1.0336552734375,-12.834019660949707,-0.6687959432601929,1.5324633121490479
1761132215349655300,1.0436552734375,-14.206993103027344,-1.3951336145401,1.960951328277588
1761132215359655200,1.0536552734375,-15.268735885620117,-1.8512524366378784,2.0852298736572266
1761132215369655300,1.0636552734375,-15.863386154174805,-2.1097819805145264,1.8485262393951416
1761132215379655200,1.0736552734375,-16.10732650756836,-2.3039464950561523,1.7325201034545898
1761132215389655300,1.0836552734375,-16.15172004699707,-2.531348705291748,1.6807446479797363
1761132215399655200,1.0936552734375,-16.094268798828125,-2.633146047592163,1.5462697744369507
1761132215409654300,1.103654296875,-16.051311492919922,-2.771965503692627,1.530603289604187
1761132215419654400,1.113654296875,-15.002058029174805,-3.126161813735962,1.1934928894042969
1761132215429654300,1.123654296875,-14.05109977722168,-3.43646240234375,0.8616700768470764
1761132215439654400,1.133654296875,-13.122255325317383,-3.789301872253418,0.5699934363365173
1761132215449654300,1.143654296875,-12.319601058959961,-4.296856880187988,-0.06394195556640625
1761132215459654400,1.153654296875,-11.571094512939453,-4.501431465148926,-0.811976432800293
1761132215469654300,1.163654296875,-10.635241508483887,-4.628758430480957,-1.4725673198699951
1761132215479654400,1.173654296875,-9.624276161193848,-4.6801981925964355,-1.848082184791565
1761132215489654300,1.183654296875,-8.572301864624023,-4.691259384155273,-1.9220174551010132
1761132215499654400,1.193654296875,-7.543367385864258,-4.688435077667236,-1.7062643766403198
1761132215509655300,1.2036552734375,-7.309838771820068,-4.6921281814575195,-1.004693865776062
1761132215519655200,1.2136552734375,-7.596762657165527,-4.571842670440674,-0.45506227016448975
1761132215529655300,1.2236552734375,-7.5902862548828125,-4.590551853179932,-0.4533354640007019
1761132215539655200,1.2336552734375,-7.932182788848877,-4.597311019897461,-0.17234456539154053
1761132215549655300,1.2436552734375,-7.435592174530029,-4.404152870178223,-0.2830674648284912
1761132215559655200,1.2536552734375,-6.771446228027344,-3.8862061500549316,-0.46429431438446045
1761132215569655000,1.263655029296875,-6.765963554382324,-3.9028987884521484,-0.42663565278053284
1761132215579655200,1.2736552734375,-5.857978820800781,-3.1752753257751465,-1.0115958452224731
1761132215589655000,1.283655029296875,-5.115532398223877,-2.6800339221954346,-1.264945387840271
1761132215599655200,1.2936552734375,-4.890574932098389,-1.7739566564559937,-2.9701712131500244
1761132215609654300,1.303654296875,-5.405317783355713,-0.2980492115020752,-5.223345756530762
1761132215619654100,1.313654052734375,-5.061247825622559,3.5500779151916504,-7.442712783813477
1761132215629654300,1.323654296875,-1.15924072265625,7.543483734130859,-8.315181732177734
1761132215639654100,1.333654052734375,10.84691333770752,7.303304672241211,-6.631599426269531
1761132215649654300,1.343654296875,25.863082885742188,4.174771308898926,-4.4867143630981445
1761132215659654400,1.353654296875,38.19878005981445,1.8928263187408447,-2.7262516021728516
1761132215669654300,1.363654296875,38.09756088256836,2.3648319244384766,-3.0342273712158203
1761132215679654400,1.373654296875,42.755943298339844,1.3006417751312256,0.0172741562128067
1761132215689654300,1.383654296875,32.695438385009766,4.267420768737793,0.4511110484600067
1761132215699654400,1.393654296875,22.300914764404297,6.881807804107666,0.4612308740615845
1761132215709655000,1.403655029296875,15.029044151306152,8.026215553283691,0.38839298486709595
1761132215719655200,1.4136552734375,10.50098705291748,8.183672904968262,0.5469939112663269
1761132215729655000,1.423655029296875,8.133511543273926,7.488476753234863,0.5302590131759644
1761132215739655200,1.4336552734375,6.580690383911133,6.502188682556152,0.43725523352622986
1761132215749655000,1.443655029296875,5.398004531860352,5.850621223449707,0.6321225166320801
1761132215759655200,1.4536552734375,4.768741607666016,5.444781303405762,0.12021574378013611
1761132215769655000,1.463655029296875,3.1084938049316406,5.167885780334473,-0.7058759927749634
1761132215779655200,1.4736552734375,0.6507654190063477,5.3658576011657715,-1.0089162588119507
1761132215789655000,1.483655029296875,-1.3583288192749023,5.8290934562683105,-1.0713510513305664
1761132215799655200,1.4936552734375,-2.7144298553466797,6.013090133666992,-0.8814892768859863
1761132215809654300,1.503654296875,-4.878448963165283,4.93013858795166,1.1217085123062134
1761132215819654400,1.513654296875,-6.140373229980469,6.395427227020264,0.18279439210891724
1761132215829654300,1.523654296875,-6.545439720153809,7.802213191986084,-1.4240787029266357
1761132215839654400,1.533654296875,-7.760138988494873,6.464715003967285,-1.0105618238449097
1761132215849654300,1.543654296875,-8.91279125213623,5.4911980628967285,-0.4870738983154297
1761132215859654400,1.553654296875,-9.518671035766602,5.232394218444824,0.31824779510498047
1761132215869654500,1.563654541015625,-9.950282096862793,4.790465831756592,1.3550055027008057
1761132215879654400,1.573654296875,-10.523848533630371,4.3844380378723145,2.2621593475341797
1761132215889654500,1.583654541015625,-11.336645126342773,4.203056812286377,2.591674566268921
1761132215902882800,1.5968828125,-12.416292190551758,3.984848737716675,2.4219143390655518
1761132215912883700,1.6068837890625,-13.64459228515625,3.7181179523468018,1.9269706010818481
1761132215922883800,1.6168837890625,-14.144532203674316,3.2288899421691895,1.2227369546890259
1761132215932883700,1.6268837890625,-13.774810791015625,2.634141445159912,0.20630714297294617
1761132215942883800,1.6368837890625,-12.528847694396973,2.0570311546325684,-0.9201101064682007
1761132215952883700,1.6468837890625,-11.264713287353516,1.4564872980117798,-1.4528803825378418
1761132215962883800,1.6568837890625,-10.138887405395508,0.7883137464523315,-1.5011789798736572
1761132215972883700,1.6668837890625,-8.965128898620605,0.4028933644294739,-1.434274673461914
1761132215982883800,1.6768837890625,-8.147807121276855,0.15058490633964539,-1.3166029453277588
1761132215992883700,1.6868837890625,-7.799159049987793,-0.2695798873901367,-1.391653060913086
1761132216002883300,1.69688330078125,-7.758711814880371,-0.5741750001907349,-1.7158541679382324
1761132216012882400,1.70688232421875,-7.633562088012695,-0.876752495765686,-2.2026405334472656
1761132216022882600,1.716882568359375,-7.550230026245117,-1.3012534379959106,-2.7020044326782227
1761132216032882400,1.72688232421875,-7.027009963989258,-1.381775975227356,-3.1269516944885254
1761132216042882600,1.736882568359375,-6.190014839172363,-1.4616714715957642,-2.9321961402893066
1761132216052882400,1.74688232421875,-5.214255332946777,-1.8344279527664185,-2.1661128997802734
1761132216062882600,1.756882568359375,-3.4161109924316406,-1.9953970909118652,-1.6155576705932617
1761132216072882400,1.76688232421875,-0.32179832458496094,-2.02339768409729,-0.8353869318962097
1761132216082882600,1.776882568359375,2.6881961822509766,-1.8219659328460693,-0.45341527462005615
1761132216092882400,1.78688232421875,3.321453094482422,-0.679502010345459,-0.1691807508468628
1761132216102882600,1.796882568359375,4.305230140686035,1.4538705348968506,-0.3388553857803345
1761132216112883200,1.80688330078125,7.72849178314209,3.1287670135498047,-0.07531917095184326
1761132216122883300,1.81688330078125,14.23150634765625,2.9551990032196045,1.17660391330719
1761132216132883200,1.82688330078125,23.829505920410156,1.335557460784912,2.688741683959961
1761132216142883300,1.83688330078125,34.3300666809082,-0.702086865901947,4.022727012634277
1761132216152883200,1.84688330078125,41.179969787597656,-1.584611415863037,3.8147459030151367
1761132216162883300,1.85688330078125,42.12248229980469,-1.3820466995239258,3.097994565963745
1761132216172883200,1.86688330078125,42.16779327392578,-1.1043527126312256,2.9952709674835205
1761132216182883300,1.87688330078125,27.772706985473633,1.9679529666900635,0.04547429084777832
1761132216192883500,1.886883544921875,27.769161224365234,2.092402458190918,0.12918972969055176
1761132216202883300,1.89688330078125,10.981189727783203,5.485895156860352,0.1714484691619873
1761132216212882400,1.90688232421875,6.415355682373047,6.1672258377075195,0.7125297784805298
1761132216222882600,1.916882568359375,3.7414064407348633,6.072649002075195,1.3543413877487183
1761132216232882400,1.92688232421875,2.55477237701416,5.5191755294799805,2.1425905227661133
1761132216242882300,1.93688232421875,2.213200569152832,5.38364315032959,2.5890607833862305
1761132216252882400,1.94688232421875,2.0726318359375,5.602475643157959,2.321359634399414
1761132216262882300,1.95688232421875,0.7935218811035156,5.474106788635254,1.0282599925994873
1761132216272882400,1.96688232421875,-1.1147842407226562,5.422878265380859,-0.469524621963501
1761132216282882300,1.97688232421875,-3.050637722015381,5.288227558135986,-1.6184766292572021
1761132216292882400,1.98688232421875,-4.939952373504639,5.244442939758301,-2.0890305042266846
1761132216302882800,1.9968828125,-6.722462177276611,5.196147918701172,-0.8165122270584106
1761132216312883700,2.0068837890625,-8.374496459960938,5.280495643615723,-1.235243320465088
1761132216322883600,2.016883544921875,-9.98208999633789,4.56782341003418,-0.9457314014434814
1761132216332883700,2.0268837890625,-11.670733451843262,3.609593629837036,0.2759205102920532
1761132216342883600,2.036883544921875,-13.336404800415039,2.7797393798828125,1.2887685298919678
1761132216352883700,2.0468837890625,-14.97195816040039,2.1312811374664307,1.6782149076461792
1761132216362883600,2.056883544921875,-16.17855453491211,1.6418858766555786,1.5123982429504395
1761132216372883700,2.0668837890625,-16.95030975341797,1.2878788709640503,0.9966719150543213
1761132216382883600,2.076883544921875,-16.91018295288086,0.9756059050559998,0.7686605453491211
1761132216392883700,2.0868837890625,-16.442424774169922,0.4857478141784668,0.594367504119873
1761132216402883600,2.096883544921875,-15.813419342041016,0.02131521701812744,0.3666048049926758
1761132216412883000,2.106883056640625,-14.730548858642578,-0.35771554708480835,-0.08013927936553955
1761132216422882800,2.1168828125,-13.301224708557129,-0.4657386541366577,-0.7490290403366089
1761132216432883000,2.126883056640625,-11.979715347290039,-1.0433512926101685,-0.9435582756996155
1761132216442882800,2.1368828125,-10.314983367919922,-1.5176665782928467,-1.3216021060943604
1761132216452883000,2.146883056640625,-8.823981285095215,-1.961679220199585,-1.507477879524231
1761132216462882800,2.1568828125,-7.722449779510498,-2.4038357734680176,-1.4842171669006348
1761132216472883000,2.166883056640625,-7.227166175842285,-2.7911362648010254,-1.379543423652649
1761132216482882800,2.1768828125,-7.342061996459961,-3.0976109504699707,-1.2908720970153809
1761132216492883000,2.186883056640625,-7.294081687927246,-3.31264591217041,-1.2755577564239502
1761132216502882800,2.1968828125,-6.387706756591797,-3.292238473892212,-1.5636506080627441
1761132216512883700,2.2068837890625,-4.80134391784668,-3.4523754119873047,-2.1150996685028076
1761132216522883600,2.216883544921875,-2.9474682807922363,-3.632474660873413,-3.027313232421875
1761132216532883700,2.2268837890625,-1.2360801696777344,-3.6221837997436523,-3.8204877376556396
1761132216542883600,2.236883544921875,0.10883522033691406,-3.265002489089966,-4.30955696105957
1761132216552883700,2.2468837890625,1.2337379455566406,-1.471050500869751,-5.615987300872803
1761132216562883600,2.256883544921875,1.781290054321289,1.1341168880462646,-7.004009246826172
1761132216572883700,2.2668837890625,3.293450355529785,3.482913017272949,-8.349661827087402
1761132216582883800,2.2768837890625,6.276070594787598,5.639354705810547,-8.099913597106934
1761132216592883700,2.2868837890625,12.70595932006836,7.534473896026611,-5.531778335571289
1761132216602883800,2.2968837890625,21.606842041015625,8.259489059448242,-2.1975486278533936
1761132216612883000,2.306883056640625,21.582029342651367,8.414310455322266,-2.5432488918304443
1761132216622883000,2.316883056640625,30.167312622070312,4.933847427368164,3.7336931228637695
1761132216632883000,2.326883056640625,29.766521453857422,3.2331318855285645,5.655221462249756
1761132216642883000,2.336883056640625,26.803714752197266,3.4119319915771484,5.455150604248047
1761132216652883000,2.346883056640625,22.248043060302734,3.5290603637695312,3.9574100971221924
1761132216662883000,2.356883056640625,17.09231185913086,4.396981239318848,0.621046781539917
1761132216672883000,2.366883056640625,12.417070388793945,4.351714134216309,-1.1416587829589844
1761132216682883000,2.376883056640625,8.36384391784668,4.344696998596191,-2.1092851161956787
1761132216692883000,2.386883056640625,5.341923713684082,4.451899528503418,-1.6274051666259766
1761132216702883000,2.396883056640625,3.628377914428711,4.617254257202148,0.16279268264770508
1761132216712883700,2.4068837890625,1.8144950866699219,4.812956809997559,1.381386637687683
1761132216722883800,2.4168837890625,-0.4833946228027344,4.6175007820129395,1.1812758445739746
1761132216732883700,2.4268837890625,-2.946943759918213,4.434458255767822,0.30502772331237793
1761132216742883800,2.4368837890625,-5.644052505493164,4.528468608856201,-0.5375196933746338
1761132216752883700,2.4468837890625,-8.039998054504395,5.148726463317871,-1.260225534439087
1761132216762883800,2.4568837890625,-10.230217933654785,5.443756580352783,-1.4839860200881958
1761132216772884200,2.46688427734375,-11.923978805541992,5.46905517578125,-1.3154523372650146
1761132216782884400,2.47688427734375,-13.56460952758789,5.0549163818359375,-0.9403058290481567
1761132216792884200,2.48688427734375,-14.020170211791992,4.212026596069336,0.045818328857421875
1761132216802884400,2.49688427734375,-13.516094207763672,3.494697332382202,1.0020172595977783
1761132216812883500,2.506883544921875,-12.657132148742676,3.012216567993164,1.0632495880126953
1761132216822883300,2.51688330078125,-11.913484573364258,2.52077054977417,0.43581295013427734
1761132216832883500,2.526883544921875,-11.928202629089355,1.8621119260787964,-0.2512094974517822
1761132216842883300,2.53688330078125,-12.386857032775879,1.3914134502410889,-1.0197809934616089
1761132216852883500,2.546883544921875,-13.11867618560791,0.9098784923553467,-1.3241153955459595
1761132216862883300,2.55688330078125,-13.90579605102539,0.41403114795684814,-1.356817603111267
1761132216872883500,2.566883544921875,-14.085902214050293,0.0579226016998291,-1.3208730220794678
1761132216882883300,2.57688330078125,-13.604997634887695,-0.18086886405944824,-1.0843746662139893
1761132216892883500,2.586883544921875,-12.825887680053711,-0.5353924036026001,-0.8212084770202637
1761132216902883300,2.59688330078125,-12.083791732788086,-0.8759028911590576,-0.8134307861328125
1761132216912884200,2.60688427734375,-11.255745887756348,-1.1891872882843018,-1.0487959384918213
1761132216922884000,2.616884033203125,-10.549915313720703,-1.489649772644043,-1.2895537614822388
1761132216932884200,2.62688427734375,-9.678521156311035,-1.8345576524734497,-1.573838472366333
1761132216942884000,2.636884033203125,-8.158697128295898,-2.1314029693603516,-1.4181382656097412
1761132216952884200,2.64688427734375,-6.082213401794434,-2.2727928161621094,-1.0629158020019531
1761132216962884000,2.656884033203125,-4.4248151779174805,-2.5106728076934814,-0.7942708730697632
1761132216972884200,2.66688427734375,-2.57045841217041,-2.484262704849243,-1.293971300125122
1761132216982884000,2.676884033203125,-0.3458089828491211,-2.187138795852661,-1.974523663520813
1761132216992884200,2.68688427734375,1.9799680709838867,-1.9046317338943481,-2.804297924041748
1761132217002884000,2.696884033203125,4.990227699279785,-1.6115498542785645,-4.003123760223389
1761132217012883200,2.70688330078125,8.169193267822266,-0.6309278011322021,-4.797855854034424
1761132217022883300,2.71688330078125,9.425020217895508,0.8783843517303467,-5.360825538635254
1761132217032883200,2.72688330078125,9.52834701538086,3.0564451217651367,-5.565566539764404
1761132217042883300,2.73688330078125,11.155054092407227,5.589932441711426,-3.7550816535949707
1761132217052883200,2.74688330078125,15.542951583862305,7.239925861358643,-0.45091307163238525
1761132217062883300,2.75688330078125,20.21240997314453,6.973225116729736,3.2295851707458496
1761132217072883000,2.766883056640625,22.170364379882812,7.674042701721191,5.464234352111816
1761132217082882800,2.7768828125,21.87683868408203,5.138491630554199,9.084600448608398
1761132217092883000,2.786883056640625,19.790489196777344,4.4265265464782715,8.719276428222656
1761132217102882800,2.7968828125,15.441374778747559,4.859890937805176,4.92501163482666
1761132217112883700,2.8068837890625,4.578103065490723,3.5636351108551025,-0.8433423042297363
1761132217142883600,2.836883544921875,3.405437469482422,4.163940906524658,0.8001594543457031
1761132217152883700,2.8468837890625,4.413973808288574,4.080581188201904,1.9315295219421387
1761132217162883800,2.8568837890625,6.408738136291504,3.849442720413208,1.6701633930206299
1761132217172883700,2.8668837890625,7.943633079528809,3.4833827018737793,0.10280966758728027
1761132217182883800,2.8768837890625,7.060564041137695,3.109605550765991,-1.4669654369354248
1761132217192883700,2.8868837890625,4.767636299133301,3.5939974784851074,-2.5488922595977783
1761132217202883800,2.8968837890625,2.0263004302978516,4.61576509475708,-3.3637709617614746
1761132217212883000,2.906883056640625,-0.9353046417236328,5.100461959838867,-3.107570171356201
1761132217222882800,2.9168828125,-3.6589698791503906,5.343771934509277,-2.7288215160369873
1761132217232882700,2.926882568359375,-6.256718635559082,4.9870100021362305,-2.0062108039855957
1761132217242882800,2.9368828125,-8.845221519470215,4.63914680480957,-1.3925732374191284
1761132217252882700,2.946882568359375,-10.508772850036621,4.392002105712891,-0.9676534533500671
1761132217262882800,2.9568828125,-11.69904899597168,3.870027542114258,-0.5083047747612
1761132217272882700,2.966882568359375,-12.427239418029785,3.338593006134033,-0.298221230506897
1761132217282882800,2.9768828125,-13.27526569366455,2.9308829307556152,-0.21914029121398926
1761132217292882700,2.986882568359375,-13.965073585510254,2.4733240604400635,-0.13356876373291016
1761132217302882800,2.9968828125,-14.296087265014648,2.003939151763916,-0.17136001586914062
1761132217312883700,3.0068837890625,-14.291548728942871,1.721483588218689,-0.27913761138916016
1761132217322883600,3.016883544921875,-14.227193832397461,1.47490656375885,-0.5572558641433716
1761132217332883700,3.0268837890625,-13.791824340820312,1.1439783573150635,-0.7767243385314941
1761132217342883600,3.036883544921875,-12.766733169555664,0.807857871055603,-1.0681685209274292
1761132217352883700,3.0468837890625,-11.454856872558594,0.4308316707611084,-1.3656511306762695
1761132217362883600,3.056883544921875,-10.073209762573242,-0.09063506126403809,-1.3535645008087158
1761132217372883700,3.0668837890625,-10.064693450927734,-0.15134990215301514,-1.3453220129013062
1761132217382883600,3.076883544921875,-8.403486251831055,-0.978533923625946,-0.8550959229469299
1761132217392883700,3.0868837890625,-7.577819347381592,-1.2145150899887085,-0.6153407096862793
1761132217402883600,3.096883544921875,-6.761628150939941,-1.4611918926239014,-0.619972825050354
1761132217412883000,3.106883056640625,-6.095814228057861,-1.937635064125061,-0.8609720468521118
1761132217422882800,3.1168828125,-5.023564338684082,-2.2133233547210693,-1.5960466861724854
1761132217432883000,3.126883056640625,-4.064684867858887,-2.257956027984619,-2.3827216625213623
1761132217442882800,3.1368828125,-2.7924294471740723,-2.334649085998535,-3.063643455505371
1761132217452883000,3.146883056640625,-0.6051063537597656,-2.050234794616699,-3.9676661491394043
1761132217462882800,3.1568828125,1.7862024307250977,-1.7844536304473877,-4.841854572296143
1761132217472882700,3.166882568359375,4.4093217849731445,-0.8687583208084106,-5.6214447021484375
1761132217482882800,3.1768828125,6.061061859130859,1.1366357803344727,-6.032886505126953
1761132217492882700,3.186882568359375,6.453800201416016,2.620835542678833,-4.562312126159668
1761132217502882800,3.1968828125,8.062782287597656,4.45497989654541,-2.5467751026153564
1761132217512883700,3.2068837890625,11.51688289642334,5.787047386169434,-0.23104798793792725
1761132217522883600,3.216883544921875,14.212363243103027,5.540768623352051,1.4684960842132568
1761132217532883700,3.2268837890625,15.958108901977539,3.9033758640289307,3.034666061401367
1761132217542883600,3.236883544921875,16.951801300048828,2.5576469898223877,3.8356971740722656
1761132217552883700,3.2468837890625,17.814136505126953,-0.9031342267990112,5.1263322830200195
1761132217562883600,3.256883544921875,14.519686698913574,-1.917783260345459,2.841250419616699
1761132217572883700,3.2668837890625,8.197976112365723,-1.9621038436889648,-0.12913107872009277
1761132217582883600,3.276883544921875,2.8341989517211914,-2.696312427520752,-1.518239974975586
1761132217592883700,3.2868837890625,0.6814327239990234,-4.119776725769043,-2.135765314102173
1761132217602883600,3.296883544921875,1.9997625350952148,-5.374916076660156,-1.3778514862060547
1761132217612883000,3.306883056640625,4.520577430725098,-5.455536842346191,-0.19770026206970215
1761132217622882800,3.3168828125,4.602960586547852,-4.744962692260742,0.03092217445373535
1761132217632883000,3.326883056640625,7.850696563720703,-2.4655795097351074,-1.7190918922424316
1761132217642882800,3.3368828125,9.365687370300293,-0.23925280570983887,-2.816701889038086
1761132217652883000,3.346883056640625,10.73548412322998,2.8998420238494873,-4.210036754608154
1761132217662882800,3.3568828125,9.888137817382812,4.628959655761719,-5.5956315994262695
1761132217672883000,3.366883056640625,7.420517921447754,6.103731155395508,-6.650086879730225
1761132217682882800,3.3768828125,4.274579048156738,6.802059173583984,-6.964618682861328
1761132217692883000,3.386883056640625,1.3615894317626953,7.126418590545654,-6.392685890197754
1761132217702882800,3.3968828125,-2.0046019554138184,6.7269206047058105,-5.162334442138672
1761132217712883700,3.4068837890625,-5.324862480163574,6.0228071212768555,-3.9084033966064453
1761132217722883800,3.4168837890625,-8.372541427612305,5.572170257568359,-2.8721861839294434
1761132217732883700,3.4268837890625,-10.268717765808105,5.497754096984863,-1.8600783348083496
1761132217742883800,3.4368837890625,-11.495368003845215,4.954097270965576,-0.21088552474975586
1761132217752883700,3.4468837890625,-12.082727432250977,4.811890602111816,0.7424073219299316
1761132217762883800,3.4568837890625,-11.775033950805664,4.899053573608398,0.28253626823425293
1761132217772883700,3.4668837890625,-11.802846908569336,4.8400726318359375,-0.3683314323425293
1761132217782883800,3.4768837890625,-11.505678176879883,4.571628570556641,-0.2489790916442871
1761132217792883700,3.4868837890625,-11.019824981689453,4.283000469207764,0.25374269485473633
1761132217802883800,3.4968837890625,-10.139739990234375,4.251132488250732,0.5697848796844482
1761132217812883000,3.506883056640625,-9.027337074279785,4.1970062255859375,0.7867720127105713
1761132217822882800,3.5168828125,-7.632286548614502,3.712686777114868,0.7138699293136597
1761132217832883000,3.526883056640625,-6.186837673187256,3.2833399772644043,0.41904163360595703
1761132217842882800,3.5368828125,-5.048525333404541,2.7676658630371094,-0.22342181205749512
1761132217852883000,3.546883056640625,-4.2346296310424805,2.1291956901550293,-0.9639490842819214
1761132217862882800,3.5568828125,-3.5942511558532715,1.2424099445343018,-1.4873015880584717
1761132217872883000,3.566883056640625,-2.5628366470336914,0.5065913200378418,-1.93977689743042
1761132217882882800,3.5768828125,-1.6893305778503418,0.013833999633789062,-2.324577808380127
1761132217892883000,3.586883056640625,-1.2817974090576172,-0.4725714921951294,-2.634058952331543
1761132217902882800,3.5968828125,-0.8538589477539062,-0.7367392778396606,-2.5403518676757812
1761132217912883700,3.6068837890625,0.39824581146240234,-0.757917046546936,-1.4796358346939087
1761132217922883800,3.6168837890625,2.023993492126465,-0.3371870219707489,-0.28117167949676514
1761132217932883700,3.6268837890625,3.946704864501953,0.880290150642395,-0.38778620958328247
1761132217942883800,3.6368837890625,5.687103271484375,2.728982925415039,-1.9778430461883545
1761132217952883700,3.6468837890625,7.433770179748535,3.5335264205932617,-2.625765323638916
1761132217962883800,3.6568837890625,11.645918846130371,3.1258955001831055,-1.495658278465271
1761132217972883700,3.6668837890625,19.48337745666504,2.2944931983947754,1.0078532695770264
1761132217982883600,3.676883544921875,26.742290496826172,0.7332131266593933,3.262699604034424
1761132217992883700,3.6868837890625,31.646629333496094,-1.1583906412124634,4.271950721740723
1761132218002883600,3.696883544921875,31.696969985961914,-2.1565921306610107,4.790966987609863
1761132218012882700,3.706882568359375,27.652515411376953,-0.8270349502563477,2.9604852199554443
1761132218022882800,3.7168828125,21.683048248291016,0.6353071928024292,1.4242591857910156
1761132218032882700,3.726882568359375,15.73702335357666,2.001964807510376,1.1379344463348389
1761132218042882800,3.7368828125,11.370474815368652,3.479588508605957,1.008955955505371
1761132218052882700,3.746882568359375,8.664105415344238,3.863267421722412,-0.0364459753036499
1761132218062882800,3.7568828125,7.719766616821289,3.577876329421997,-1.369598388671875
1761132218072882700,3.766882568359375,6.686183929443359,2.9937210083007812,-2.3503260612487793
1761132218082882800,3.7768828125,4.4816484451293945,2.764540195465088,-2.9039697647094727
1761132218092882700,3.786882568359375,1.2073068618774414,2.90340518951416,-3.109595537185669
1761132218102882800,3.7968828125,-3.0658621788024902,3.0802760124206543,-2.665710210800171
1761132218112883500,3.806883544921875,-7.652040958404541,3.37514066696167,-1.5793190002441406
1761132218122883600,3.816883544921875,-10.824809074401855,3.256455898284912,-0.6203302145004272
1761132218132883500,3.826883544921875,-13.091733932495117,2.9859466552734375,0.09767639636993408
1761132218142883600,3.836883544921875,-15.026588439941406,2.5475080013275146,0.69324791431427
1761132218152883500,3.846883544921875,-16.57084083557129,2.394425392150879,1.0590183734893799
1761132218162883600,3.856883544921875,-17.67226791381836,2.11122989654541,1.1933672428131104
1761132218172883700,3.8668837890625,-18.57146453857422,1.8165128231048584,0.9730417728424072
1761132218182883600,3.876883544921875,-19.023170471191406,1.4637279510498047,0.7584912776947021
1761132218192883700,3.8868837890625,-19.004295349121094,0.9407572746276855,0.2644023895263672
1761132218202883600,3.896883544921875,-18.39967918395996,0.6683261394500732,-0.283145546913147
1761132218212882700,3.906882568359375,-17.572803497314453,0.4862321615219116,-0.44973278045654297
1761132218222882800,3.9168828125,-16.466964721679688,0.17877566814422607,-0.5277659893035889
1761132218232882700,3.926882568359375,-15.288800239562988,-0.10427463054656982,-0.6981972455978394
1761132218242882600,3.936882568359375,-14.052142143249512,-0.5339995622634888,-1.1869760751724243
1761132218252882700,3.946882568359375,-12.454558372497559,-1.0370800495147705,-1.817264199256897
1761132218262882600,3.956882568359375,-10.611266136169434,-1.7371560335159302,-2.411210775375366
1761132218272882700,3.966882568359375,-8.631972312927246,-2.344639539718628,-2.9134135246276855
1761132218282882800,3.9768828125,-6.883351802825928,-2.9199256896972656,-3.0906448364257812
1761132218292882700,3.986882568359375,-5.893430709838867,-3.251004695892334,-2.8989882469177246
1761132218302882800,3.9968828125,-5.466567516326904,-3.412112236022949,-2.645073413848877
1761132218312883700,4.0068837890625,-5.0676350593566895,-3.5987398624420166,-2.3964953422546387
1761132218322883600,4.016883544921875,-4.34462308883667,-3.5427098274230957,-2.153994560241699
1761132218332883700,4.0268837890625,-3.3399534225463867,-3.3379647731781006,-2.0560457706451416
1761132218342883600,4.036883544921875,-1.919762134552002,-3.1161015033721924,-2.3956284523010254
1761132218352883700,4.0468837890625,-0.40741825103759766,-3.350879192352295,-3.3243393898010254
1761132218362883600,4.056883544921875,1.5907506942749023,-3.3831734657287598,-4.4145612716674805
1761132218372883700,4.0668837890625,4.367679595947266,-2.4681448936462402,-4.789383411407471
1761132218382883600,4.076883544921875,7.726245880126953,-1.1575322151184082,-3.8430216312408447
1761132218392883700,4.0868837890625,11.669848442077637,0.6249880790710449,-2.285396099090576
1761132218402883600,4.096883544921875,15.811779022216797,2.23925518989563,0.020699739456176758
1761132218412883000,4.106883056640625,20.705333709716797,2.8875491619110107,1.7347238063812256
1761132218422882800,4.1168828125,25.496620178222656,4.018770217895508,2.4391350746154785
1761132218432883000,4.126883056640625,27.77527618408203,5.06341552734375,2.938796043395996
1761132218442882800,4.1368828125,26.288436889648438,6.132134437561035,2.2484076023101807
1761132218452883000,4.146883056640625,23.221893310546875,7.279205322265625,0.43937110900878906
1761132218462882800,4.1568828125,20.65015983581543,8.423201560974121,0.5185470581054688
1761132218472882700,4.166882568359375,19.52768325805664,9.054486274719238,1.8388051986694336
1761132218482882800,4.1768828125,17.25790786743164,9.01225471496582,2.539792537689209
1761132218492882700,4.186882568359375,13.583863258361816,8.906417846679688,3.0024783611297607
1761132218502882800,4.1968828125,9.447348594665527,8.708194732666016,3.2589213848114014
1761132218512883700,4.2068837890625,6.180810928344727,7.87802791595459,2.379321813583374
1761132218522883600,4.216883544921875,5.418574333190918,6.481235504150391,-0.45136773586273193
1761132218532883700,4.2268837890625,4.61528205871582,5.127691268920898,-2.6657445430755615
1761132218542883600,4.236883544921875,2.863229751586914,4.494863033294678,-3.527238368988037
1761132218552883700,4.2468837890625,2.8315677642822266,4.5789055824279785,-3.3150086402893066
1761132218562883600,4.256883544921875,-2.316298007965088,4.1884684562683105,-3.0744032859802246
1761132218572883700,4.2668837890625,-5.555642604827881,3.624389171600342,-2.135545492172241
1761132218582883600,4.276883544921875,-8.059006690979004,2.9185738563537598,-1.4199144840240479
1761132218592883700,4.2868837890625,-10.235459327697754,2.099318265914917,-0.6657416820526123
1761132218602883600,4.296883544921875,-12.21270751953125,1.4397578239440918,0.1900465488433838
1761132218612882700,4.306882568359375,-13.881490707397461,0.668475866317749,1.1712257862091064
1761132218622882800,4.3168828125,-15.377527236938477,0.030328035354614258,1.8992042541503906
1761132218632882700,4.326882568359375,-16.874717712402344,-0.4421480894088745,2.238762855529785
1761132218642882800,4.3368828125,-17.83489990234375,-0.7429913282394409,2.3215789794921875
1761132218652882700,4.346882568359375,-18.416019439697266,-1.128644347190857,2.0593554973602295
1761132218662882800,4.3568828125,-18.527179718017578,-1.550154447555542,0.8812576532363892
1761132218672882700,4.366882568359375,-17.829200744628906,-1.881413459777832,0.768949031829834
1761132218682882800,4.3768828125,-16.627239227294922,-2.4213614463806152,0.49190783500671387
1761132218692882700,4.386882568359375,-15.054080963134766,-2.824035406112671,-0.6608982086181641
1761132218702882800,4.3968828125,-13.402929306030273,-3.184211492538452,-1.282235860824585
1761132218712883500,4.406883544921875,-11.676055908203125,-3.7613601684570312,-1.7540528774261475
1761132218722883600,4.416883544921875,-9.910284042358398,-4.168554306030273,-2.420773983001709
1761132218732883500,4.426883544921875,-8.190290451049805,-4.5143609046936035,-3.014544725418091
1761132218742883600,4.436883544921875,-6.926582336425781,-4.892997741699219,-3.147221565246582
1761132218752883500,4.446883544921875,-5.891620635986328,-5.126747131347656,-3.0212597846984863
1761132218762883600,4.456883544921875,-5.5355119705200195,-5.299077987670898,-2.5588138103485107
1761132218772883700,4.4668837890625,-5.5574951171875,-5.302373886108398,-2.1811819076538086
1761132218782883600,4.476883544921875,-5.81193733215332,-5.097487449645996,-2.3552043437957764
1761132218792883700,4.4868837890625,-5.828373908996582,-4.731966495513916,-2.919689655303955
1761132218802883600,4.496883544921875,-4.93242073059082,-4.101817607879639,-4.05476188659668
1761132218812883000,4.506883056640625,-3.001657009124756,-3.3319907188415527,-4.663300037384033
1761132218822882800,4.5168828125,-0.6311378479003906,-2.164340019226074,-4.5905256271362305
1761132218832883000,4.526883056640625,1.334634780883789,-0.41623830795288086,-4.47597074508667
1761132218842882800,4.5368828125,3.5000457763671875,1.5459675788879395,-4.54849910736084
1761132218852883000,4.546883056640625,7.165144920349121,3.4082963466644287,-3.655956745147705
1761132218862882800,4.5568828125,13.292309761047363,4.951089859008789,-1.8699958324432373
1761132218872883000,4.566883056640625,19.795391082763672,5.5175886154174805,-1.051508903503418
1761132218882882800,4.5768828125,26.56645965576172,5.142841815948486,-0.020819544792175293
1761132218892883000,4.586883056640625,32.5127067565918,4.337184906005859,0.4969898462295532
1761132218902882800,4.5968828125,35.651634216308594,3.3909709453582764,0.6255462169647217
1761132218912883700,4.6068837890625,33.679588317871094,3.6734561920166016,0.5191295146942139
1761132218922883800,4.6168837890625,27.646469116210938,5.168834209442139,0.5220088958740234
1761132218932883700,4.6268837890625,21.501773834228516,5.778098106384277,0.09800910949707031
1761132218942883800,4.6368837890625,16.727624893188477,6.198016166687012,-1.0518131256103516
1761132218952883700,4.6468837890625,14.526030540466309,5.627650260925293,-2.660062074661255
1761132218962883800,4.6568837890625,13.604877471923828,4.578279972076416,-4.2145161628723145
1761132218972883700,4.6668837890625,11.880119323730469,3.9498379230499268,-5.110649585723877
1761132218982883800,4.6768837890625,8.651273727416992,3.771897554397583,-5.736736297607422
1761132218992883700,4.6868837890625,5.257514953613281,3.756544351577759,-5.4865899085998535
1761132219002883800,4.6968837890625,1.5444831848144531,3.718968629837036,-3.977579355239868
1761132219012883000,4.706883056640625,-2.1117868423461914,3.6110763549804688,-2.1077780723571777
1761132219022882800,4.7168828125,-5.848691463470459,3.3793818950653076,-0.15644586086273193
1761132219032883000,4.726883056640625,-9.331559181213379,3.1395647525787354,1.477738380432129
1761132219042882800,4.7368828125,-12.860960006713867,2.7856736183166504,2.442816972732544
1761132219052883000,4.746883056640625,-15.360546112060547,2.499904155731201,2.155362129211426
1761132219062882800,4.7568828125,-16.565454483032227,2.1460862159729004,1.4002645015716553
1761132219072883000,4.766883056640625,-17.423641204833984,0.27439868450164795,2.067950963973999
1761132219082882800,4.7768828125,-17.03879165649414,-0.39894258975982666,1.6268194913864136
1761132219092883000,4.786883056640625,-15.62694263458252,0.02753162384033203,0.6018588542938232
1761132219102882800,4.7968828125,-14.812052726745605,-0.5221201181411743,0.7026246786117554
1761132219112883700,4.8068837890625,-14.485595703125,-1.2481575012207031,1.167628288269043
1761132219122883600,4.816883544921875,-14.529581069946289,-1.5289157629013062,1.0182164907455444
1761132219132883700,4.8268837890625,-14.602599143981934,-1.6406842470169067,0.5828984975814819
1761132219142883600,4.836883544921875,-14.673879623413086,-1.9277317523956299,0.1880892515182495
1761132219152883700,4.8468837890625,-14.567728042602539,-2.3512778282165527,-0.34854280948638916
1761132219162883600,4.856883544921875,-14.006048202514648,-2.743147611618042,-0.9626795053482056
1761132219182883600,4.876883544921875,-11.592281341552734,-3.3544952869415283,-1.483351469039917
1761132219192883700,4.8868837890625,-11.589016914367676,-3.3692309856414795,-1.4666661024093628
1761132219202883600,4.896883544921875,-8.670757293701172,-3.9332633018493652,-2.017354965209961
1761132219212883000,4.906883056640625,-6.780021667480469,-4.343568325042725,-2.1687119007110596
1761132219222882800,4.9168828125,-5.503318786621094,-4.5289201736450195,-2.2541093826293945
1761132219232883000,4.926883056640625,-5.046907424926758,-4.5865912437438965,-2.3123738765716553
1761132219242882800,4.9368828125,-5.376773834228516,-4.439609050750732,-2.386523723602295
1761132219252883000,4.946883056640625,-5.473379135131836,-4.050531387329102,-2.8798341751098633
1761132219262882800,4.9568828125,-4.722005844116211,-3.380192756652832,-3.886773109436035
1761132219272883000,4.966883056640625,-3.8044285774230957,-1.9391077756881714,-5.848868370056152
1761132219282882800,4.9768828125,-2.044121742248535,-0.25120067596435547,-7.317842483520508
1761132219292883000,4.986883056640625,1.7745180130004883,1.8813345432281494,-7.320277214050293
1761132219302882800,4.9968828125,7.787065505981445,4.127817153930664,-4.823448657989502
1761132219312883700,5.0068837890625,14.896124839782715,6.060608863830566,-0.8611463308334351
1761132219322883600,5.016883544921875,20.11514663696289,7.057505130767822,2.3727235794067383
1761132219332883700,5.0268837890625,22.500755310058594,7.912385940551758,3.2547430992126465
1761132219342883600,5.036883544921875,22.94306182861328,8.148611068725586,2.5846762657165527
1761132219352883700,5.0468837890625,23.93122100830078,7.4474592208862305,1.573117971420288
1761132219362883600,5.056883544921875,25.047500610351562,5.904860973358154,0.15377545356750488
1761132219372883700,5.0668837890625,25.504865646362305,4.1557159423828125,-1.3510751724243164
1761132219382883800,5.0768837890625,25.38835906982422,4.442070960998535,-1.2033331394195557
1761132219392883700,5.0868837890625,21.285694122314453,3.6030683517456055,-4.290809154510498
1761132219402883600,5.096883544921875,18.235389709472656,3.8689651489257812,-4.819925308227539
1761132219412883000,5.106883056640625,15.344311714172363,3.967717409133911,-4.9644880294799805
1761132219422882800,5.1168828125,12.354662895202637,3.979180097579956,-4.751203536987305
1761132219432883000,5.126883056640625,9.039408683776855,4.145636081695557,-3.9598402976989746
1761132219442882800,5.1368828125,5.117584228515625,4.34644889831543,-2.693112850189209
1761132219452883000,5.146883056640625,5.110164642333984,4.391768455505371,-2.616872787475586
1761132219462882800,5.1568828125,-1.8785943984985352,4.076374053955078,-0.7793793678283691
1761132219472883000,5.166883056640625,-4.882528781890869,3.8803184032440186,-0.21248219907283783
1761132219482882800,5.1768828125,-7.388113498687744,3.810701370239258,0.5118930339813232
1761132219492883000,5.186883056640625,-9.362590789794922,3.6471991539001465,1.1615668535232544
1761132219502882800,5.1968828125,-10.916357040405273,3.2822093963623047,1.6400710344314575
1761132219512883700,5.2068837890625,-11.760034561157227,2.902395248413086,1.892051100730896
1761132219522883600,5.216883544921875,-12.3659086227417,2.520097017288208,2.066498041152954
1761132219532883700,5.2268837890625,-12.922239303588867,2.057075023651123,2.082366466522217
1761132219542883600,5.236883544921875,-12.917604446411133,1.8696496486663818,1.9123214483261108
1761132219552883700,5.2468837890625,-12.810419082641602,1.8002943992614746,2.2377538681030273
1761132219562883600,5.256883544921875,-13.211715698242188,0.8688912391662598,2.5482215881347656
1761132219572883700,5.2668837890625,-13.281654357910156,0.40526914596557617,2.5807454586029053
1761132219582883600,5.276883544921875,-12.716315269470215,0.44926977157592773,2.4933407306671143
1761132219592883700,5.2868837890625,-11.944467544555664,0.4798917770385742,2.5678584575653076
1761132219602883600,5.296883544921875,-11.414374351501465,0.30476903915405273,2.658249616622925
1761132219612882700,5.306882568359375,-11.390530586242676,0.2286834716796875,2.6485393047332764
1761132219622882800,5.3168828125,-9.939435005187988,-0.39716625213623047,2.6750144958496094
1761132219632882700,5.326882568359375,-8.427763938903809,-0.7776944637298584,1.5853779315948486
1761132219642882800,5.3368828125,-7.626737594604492,-1.4716671705245972,0.632185697555542
1761132219652882700,5.346882568359375,-6.097753524780273,-1.917940616607666,-0.5631558895111084
1761132219662882800,5.3568828125,-5.798050880432129,-2.2423627376556396,-1.3828896284103394
1761132219672882700,5.366882568359375,-5.93924617767334,-2.067487955093384,-2.764242172241211
1761132219682882800,5.3768828125,-5.509285926818848,-2.8598270416259766,-1.9652810096740723
1761132219692883000,5.386883056640625,-3.982494354248047,-4.3901686668396,-0.10568481683731079
1761132219702882800,5.3968828125,-2.4040846824645996,-3.9107792377471924,-0.24785250425338745
1761132219712883700,5.4068837890625,-0.29579925537109375,-2.1490159034729004,-2.549337148666382
1761132219722883600,5.416883544921875,1.1314125061035156,-2.1956233978271484,-2.1034984588623047
1761132219732883700,5.4268837890625,1.9229726791381836,-2.548125743865967,-1.1084773540496826
1761132219742883600,5.436883544921875,0.009571075439453125,-2.4074862003326416,-2.503816604614258
1761132219752883700,5.4468837890625,0.4788026809692383,-0.22575902938842773,-5.532284259796143
1761132219762883600,5.456883544921875,-2.931891441345215,0.5333995819091797,-4.939632892608643
1761132219772883700,5.4668837890625,-2.4747657775878906,1.415252685546875,-3.123603582382202
1761132219782883600,5.476883544921875,-0.6573486328125,0.880974292755127,-1.073655366897583
1761132219792883700,5.4868837890625,2.693648338317871,-1.1739521026611328,1.1143715381622314
1761132219802883600,5.496883544921875,7.005323886871338,-2.356757164001465,2.405153751373291
1761132219812883000,5.506883056640625,11.15921401977539,-2.295757532119751,2.9768292903900146
1761132219822882800,5.5168828125,12.982260704040527,-1.4995019435882568,3.233773946762085
1761132219832883000,5.526883056640625,13.067386627197266,-1.2562601566314697,3.1202645301818848
1761132219842882800,5.5368828125,12.26063346862793,-1.385558843612671,1.5726511478424072
1761132219852883000,5.546883056640625,12.136564254760742,-1.0586426258087158,1.575864553451538
1761132219862882800,5.5568828125,9.75446891784668,-0.0447843074798584,-4.459667205810547
1761132219872883000,5.566883056640625,8.716898918151855,0.6831405162811279,-5.64603328704834
1761132219882882800,5.5768828125,8.070911407470703,1.222154140472412,-5.215019702911377
1761132219892883000,5.586883056640625,7.7913007736206055,1.6375913619995117,-2.7621302604675293
1761132219902882800,5.5968828125,7.787727355957031,1.9348304271697998,-0.45142221450805664
1761132219912883700,5.6068837890625,6.88348388671875,1.9633948802947998,0.010786771774291992
1761132219922883800,5.6168837890625,4.75457763671875,2.6261327266693115,-0.6696105003356934
1761132219932883700,5.6268837890625,2.293490409851074,2.3674979209899902,-2.1939120292663574
1761132219942883800,5.6368837890625,-0.040164947509765625,2.0421481132507324,-2.5552542209625244
1761132219952883700,5.6468837890625,-2.133943557739258,2.9393486976623535,-2.3237485885620117
1761132219962883800,5.6568837890625,-2.5166702270507812,3.886291980743408,-1.971232295036316
1761132219972883700,5.6668837890625,-2.0181751251220703,3.774496078491211,-1.5374447107315063
1761132219982883800,5.6768837890625,-1.3848795890808105,2.565502882003784,-1.4674752950668335
1761132219992883700,5.6868837890625,-0.7479524612426758,1.9696686267852783,-1.8507930040359497
1761132220002883800,5.6968837890625,-0.6159067153930664,1.537344217300415,-2.252880811691284
1761132220012883000,5.706883056640625,-0.9094762802124023,1.1878864765167236,-2.829944610595703
1761132220022882800,5.7168828125,-1.7598752975463867,1.202286958694458,-3.777113437652588
1761132220032883000,5.726883056640625,-2.1824121475219727,1.5824410915374756,-4.5939178466796875
1761132220042882800,5.7368828125,-2.4817519187927246,1.6933839321136475,-4.8422040939331055
1761132220052883000,5.746883056640625,-2.3527822494506836,1.7578041553497314,-4.68432092666626
1761132220062882800,5.7568828125,-1.8603739738464355,1.769951343536377,-4.097123146057129
1761132220072883000,5.766883056640625,-1.028090476989746,1.6261470317840576,-2.8755311965942383
1761132220082882800,5.7768828125,0.0011053085327148438,1.2432453632354736,-1.2348268032073975
1761132220092883000,5.786883056640625,1.0710086822509766,0.7764413356781006,-0.3133610486984253
1761132220102882800,5.7968828125,2.445840835571289,0.2698657512664795,0.2027648687362671
1761132220112883700,5.8068837890625,3.3856611251831055,-0.10438132286071777,0.20801031589508057
1761132220122883600,5.816883544921875,3.249669075012207,-0.4894108772277832,-0.05915546417236328
1761132220132883700,5.8268837890625,2.5972461700439453,-0.5162960290908813,-0.828219473361969
1761132220142883600,5.836883544921875,1.087132453918457,-0.2844564914703369,-1.9046399593353271
1761132220152883700,5.8468837890625,-0.43132591247558594,0.0027387142181396484,-2.540396213531494
1761132220162883600,5.856883544921875,-1.478309154510498,0.3695206642150879,-2.613729476928711
1761132220172849400,5.866849365234375,-1.923387050628662,0.6448554992675781,-2.5171356201171875
1761132220182816300,5.876816162109375,-2.114748954772949,0.785677433013916,-2.359959363937378
1761132220192782800,5.886782958984375,-1.9135074615478516,0.797091007232666,-2.27679181098938
1761132220202749400,5.89674951171875,-1.4882006645202637,0.7276279926300049,-2.3195667266845703
1761132220212715300,5.90671533203125,-1.2042407989501953,0.595034122467041,-2.3766181468963623
1761132220222681900,5.916681884765625,-1.2043628692626953,0.5820074081420898,-2.3165950775146484
1761132220232648700,5.926648681640625,-0.7410659790039062,0.6034739017486572,-1.8534787893295288
1761132220242615300,5.936615234375,-0.6782369613647461,0.6974589824676514,-1.681084156036377
1761132220252582000,5.946581787109375,-0.5757417678833008,0.7521564960479736,-1.4878110885620117
1761132220262548500,5.956548583984375,-0.6327533721923828,0.7330543994903564,-1.330133080482483
1761132220272515300,5.966515380859375,-0.8274374008178711,0.8329253196716309,-1.1385269165039062
1761132220282482000,5.97648193359375,-1.1738243103027344,0.9858322143554688,-0.7782520055770874
1761132220292448500,5.986448486328125,-1.6074752807617188,1.1303107738494873,-0.43604573607444763
1761132220302415400,5.996415283203125,-1.8133234977722168,1.2816367149353027,-0.21611641347408295
1761132220312382700,6.0063828125,-1.766420841217041,1.2191641330718994,-0.3883386552333832
1761132220322349300,6.016349365234375,-1.456005573272705,0.9923491477966309,-0.8090682625770569
1761132220332316200,6.026316162109375,-1.134016990661621,0.677056074142456,-1.2223505973815918
1761132220342282800,6.03628271484375,-0.9266185760498047,0.5293395519256592,-1.605147361755371
1761132220352249300,6.046249267578125,-0.8109064102172852,0.575423002243042,-1.8387329578399658
1761132220362216200,6.05621630859375,-0.8509273529052734,0.6767816543579102,-1.9192230701446533
1761132220372182800,6.066182861328125,-0.8500900268554688,0.6723222732543945,-1.8910243511199951
1761132220382149600,6.076149658203125,-0.6622123718261719,0.8562707901000977,-1.4403562545776367
1761132220392116200,6.0861162109375,-0.33722591400146484,0.8661520481109619,-1.1277962923049927
1761132220402082800,6.096082763671875,-0.1929311752319336,0.8652052879333496,-0.853359580039978
1761132220412048600,6.106048583984375,-0.1829681396484375,0.8935625553131104,-0.6277638077735901
1761132220422015200,6.11601513671875,-0.34023380279541016,1.0161247253417969,-0.45584791898727417
1761132220431981800,6.12598193359375,-0.6069679260253906,1.1122500896453857,-0.5115300416946411
1761132220441948700,6.13594873046875,-0.8373241424560547,1.1473987102508545,-0.6686464548110962
1761132220451915300,6.145915283203125,-0.8504772186279297,1.125230312347412,-0.8598370552062988
1761132220461881900,6.1558818359375,-0.7166690826416016,1.0817770957946777,-0.9733947515487671
1761132220471882800,6.1658828125,-0.33324337005615234,0.969968318939209,-1.0163164138793945
1761132220481882600,6.175882568359375,0.034262657165527344,0.8919005393981934,-0.8222157955169678
1761132220491882800,6.1858828125,0.18592357635498047,0.8892693519592285,-0.6918057203292847
1761132220501882600,6.195882568359375,0.2232990264892578,0.8919694423675537,-0.6774479746818542
1761132220511883500,6.205883544921875,0.053401947021484375,0.8821256160736084,-0.6453503370285034
1761132220521883600,6.215883544921875,-0.20865535736083984,0.8329718112945557,-0.6456731557846069
1761132220531883500,6.225883544921875,-0.32356834411621094,0.8789970874786377,-0.65129154920578
1761132220541883600,6.235883544921875,-0.2536811828613281,0.8569595813751221,-0.6637106537818909
1761132220551883500,6.245883544921875,-0.20572948455810547,0.6998486518859863,-0.7522931694984436
1761132220561883600,6.255883544921875,-0.4287118911743164,0.5511548519134521,-0.9205156564712524
1761132220571883800,6.2658837890625,-0.7351913452148438,0.6218435764312744,-1.2401676177978516
1761132220581883600,6.275883544921875,-0.9697141647338867,0.728173017501831,-1.3291486501693726
1761132220591883800,6.2858837890625,-1.1041383743286133,0.7594947814941406,-1.1799020767211914
1761132220601883600,6.295883544921875,-1.040802001953125,0.7531812191009521,-1.0486146211624146
1761132220611882800,6.3058828125,-0.889714241027832,0.7327044010162354,-0.987119197845459
1761132220621883000,6.3158828125,-0.8393802642822266,0.6555025577545166,-1.0985773801803589
1761132220631882800,6.3258828125,-0.901214599609375,0.6493322849273682,-1.1394145488739014
1761132220641883000,6.3358828125,-1.0150299072265625,0.6606340408325195,-1.1392167806625366
1761132220651882800,6.3458828125,-1.059239387512207,0.6979680061340332,-1.138485312461853
1761132220661883000,6.3558828125,-1.1519689559936523,0.6820790767669678,-1.125221848487854
1761132220671882800,6.3658828125,-1.3055858612060547,0.6977882385253906,-1.0436811447143555
1761132220681882600,6.375882568359375,-1.230980396270752,0.68670654296875,-1.1076616048812866
1761132220691882800,6.3858828125,-1.0747785568237305,0.5760583877563477,-1.2570785284042358
1761132220701882600,6.395882568359375,-0.7819023132324219,0.45916080474853516,-1.37766695022583
1761132220711883500,6.405883544921875,-0.44109630584716797,0.36437392234802246,-1.4614211320877075
1761132220721883600,6.415883544921875,-0.2489767074584961,0.2845947742462158,-1.5714164972305298
1761132220731883500,6.425883544921875,-0.22161293029785156,0.2372581958770752,-1.6717766523361206
1761132220741883600,6.435883544921875,-0.36153221130371094,0.21604514122009277,-1.687935471534729
1761132220751883500,6.445883544921875,-0.4365549087524414,0.2396562099456787,-1.613153100013733
1761132220761883600,6.455883544921875,-0.3869924545288086,0.27261829376220703,-1.4800606966018677
1761132220771883500,6.465883544921875,-0.3878936767578125,0.2749459743499756,-1.4774399995803833
1761132220781883600,6.475883544921875,-0.3435821533203125,0.060123443603515625,-1.5256649255752563
1761132220791883500,6.485883544921875,-0.4333381652832031,-0.1164097785949707,-1.7989124059677124
1761132220801883600,6.495883544921875,-0.54949951171875,-0.18740415573120117,-2.0103955268859863
1761132220811882800,6.5058828125,-0.5509433746337891,-0.1836380958557129,-2.0045626163482666
1761132220821883000,6.5158828125,-1.0557146072387695,-0.3699774742126465,-2.0172836780548096
1761132220831882800,6.5258828125,-1.2095165252685547,-0.4125096797943115,-2.061084032058716
1761132220841882600,6.535882568359375,-1.1469078063964844,-0.5062592029571533,-2.1014184951782227
1761132220851882800,6.5458828125,-1.0503721237182617,-0.6569952964782715,-2.089254856109619
1761132220861882600,6.555882568359375,-0.8885593414306641,-0.8460760116577148,-2.065495729446411
1761132220871882800,6.5658828125,-0.9669914245605469,-1.0088322162628174,-1.9143251180648804
1761132220881882600,6.575882568359375,-1.4160213470458984,-1.1320009231567383,-1.8594157695770264
1761132220891882800,6.5858828125,-1.9362072944641113,-1.1633920669555664,-1.8673521280288696
1761132220901882600,6.595882568359375,-2.3751978874206543,-1.1102643013000488,-1.8622963428497314
1761132220911883500,6.605883544921875,-2.4786906242370605,-1.0631906986236572,-1.8695987462997437
1761132220921883600,6.615883544921875,-2.5305705070495605,-1.152186632156372,-1.9466540813446045
1761132220931883500,6.625883544921875,-2.569159507751465,-1.225865125656128,-2.078242301940918
1761132220941883600,6.635883544921875,-2.8282041549682617,-0.9677526950836182,-2.0459036827087402
1761132220951883500,6.645883544921875,-3.0029187202453613,-0.8338453769683838,-2.4338154792785645
1761132220961883600,6.655883544921875,-3.233846664428711,-0.8572068214416504,-2.365454912185669
1761132220971883500,6.665883544921875,-3.257279396057129,-0.571605920791626,-2.4296810626983643
1761132220981883600,6.675883544921875,-3.3253698348999023,-0.45686960220336914,-2.3229691982269287
1761132220991883500,6.685883544921875,-3.592837333679199,-0.4236643314361572,-2.2340452671051025
1761132221001883600,6.695883544921875,-3.843250274658203,-0.24260783195495605,-2.3500030040740967
1761132221031882800,6.7258828125,-4.211455345153809,0.5305066108703613,-2.28263521194458
1761132221041883000,6.7358828125,-4.011684417724609,0.7653491497039795,-1.7175458669662476
1761132221051882800,6.7458828125,-3.400691509246826,0.801255464553833,-0.8811012506484985
1761132221061883000,6.7558828125,-2.7389235496520996,0.6256246566772461,-0.22723650932312012
1761132221071882800,6.7658828125,-2.495452404022217,0.5049229860305786,0.22623127698898315
1761132221081883000,6.7758828125,-1.842005729675293,0.5291417837142944,0.5503315925598145
1761132221091882800,6.7858828125,-1.5428237915039062,0.47318124771118164,0.6566219329833984
1761132221101883000,6.7958828125,-1.313924789428711,0.4656761884689331,0.5318830013275146
1761132221111883500,6.805883544921875,-1.048640251159668,0.46027350425720215,-0.09037947654724121
1761132221121883600,6.815883544921875,-0.6868534088134766,0.47445762157440186,-0.7131936550140381
1761132221131883500,6.825883544921875,-0.6975250244140625,0.49962055683135986,-0.65538489818573
1761132221141883600,6.835883544921875,1.196791648864746,0.3992447853088379,-2.2369470596313477
1761132221151883500,6.845883544921875,2.7805566787719727,0.4943428039550781,-3.1840500831604004
1761132221161883600,6.855883544921875,5.5616254806518555,1.0392208099365234,-4.398447036743164
1761132221171883500,6.865883544921875,9.83932113647461,1.4126777648925781,-4.67083215713501
1761132221181883600,6.875883544921875,9.837726593017578,1.4094127416610718,-4.641052722930908
1761132221191883500,6.885883544921875,18.443235397338867,0.8353754281997681,-3.1018643379211426
1761132221201883600,6.895883544921875,22.296295166015625,0.5620229244232178,-1.130100965499878
1761132221211882800,6.9058828125,24.463321685791016,0.574935793876648,0.39166903495788574
1761132221221882600,6.915882568359375,24.61618423461914,1.0276280641555786,1.8300691843032837
1761132221231882800,6.9258828125,21.989566802978516,2.4998207092285156,3.0991244316101074
1761132221241882600,6.935882568359375,18.13796043395996,4.025719165802002,3.8874495029449463
1761132221251882800,6.9458828125,14.105793952941895,5.161871433258057,4.03287410736084
1761132221261882600,6.955882568359375,9.937381744384766,5.604654312133789,3.441218614578247
1761132221271882800,6.9658828125,6.226772308349609,5.353487968444824,2.2915682792663574
1761132221281882600,6.975882568359375,6.242380142211914,5.258997917175293,2.333634376525879
1761132221291882800,6.9858828125,1.622304916381836,3.962446451187134,-1.0543159246444702
1761132221301882600,6.995882568359375,0.2823619842529297,3.2695119380950928,-1.384011149406433
1761132221311883500,7.005883544921875,-1.3853092193603516,2.7688896656036377,-0.7199432849884033
1761132221321883600,7.015883544921875,-3.13179874420166,2.714840888977051,0.43174171447753906
1761132221331883500,7.025883544921875,-4.7843146324157715,3.203612804412842,1.5756103992462158
1761132221341883600,7.035883544921875,-5.311681747436523,3.7420759201049805,2.9568517208099365
1761132221351883500,7.045883544921875,-5.835324287414551,4.1015424728393555,3.2622432708740234
1761132221361883600,7.055883544921875,-5.603209018707275,4.3856401443481445,4.323913097381592
1761132221371883500,7.065883544921875,-5.1947126388549805,2.914017915725708,4.7201104164123535
1761132221391883500,7.085883544921875,-7.139039993286133,0.11483550071716309,2.944409132003784
1761132221401883600,7.095883544921875,-14.341796875,-1.298580288887024,-2.456554412841797
1761132221411882800,7.1058828125,-15.186135292053223,-1.8523718118667603,-4.244316577911377
1761132221421883000,7.1158828125,-16.236835479736328,-2.0479700565338135,-2.157405376434326
1761132221431882800,7.1258828125,-15.175130844116211,-2.536299467086792,-0.13290134072303772
1761132221441883000,7.1358828125,-13.404230117797852,-2.9379446506500244,1.0671652555465698
1761132221451882800,7.1458828125,-11.715341567993164,-2.859865188598633,1.400246262550354
1761132221461883000,7.1558828125,-10.353848457336426,-2.9698386192321777,1.4295752048492432
1761132221471882800,7.1658828125,-9.568665504455566,-3.339615821838379,2.104161262512207
1761132221481883000,7.1758828125,-9.194833755493164,-4.527060031890869,1.2663236856460571
1761132221491882800,7.1858828125,-9.574575424194336,-5.0674543380737305,0.03485514223575592
1761132221501883000,7.1958828125,-9.931570053100586,-5.477201461791992,-1.0063414573669434
1761132221511883500,7.205883544921875,-9.911502838134766,-6.023238182067871,-1.6711044311523438
1761132221521883600,7.215883544921875,-9.224715232849121,-6.305063724517822,-1.9613364934921265
1761132221531883800,7.2258837890625,-8.364083290100098,-6.332496643066406,-1.8500721454620361
1761132221541883600,7.235883544921875,-7.476072788238525,-6.4096174240112305,-1.5953935384750366
1761132221551883800,7.2458837890625,-6.486161708831787,-6.2230048179626465,-1.5079421997070312
1761132221561883600,7.255883544921875,-5.4967474937438965,-6.153770923614502,-1.4360618591308594
1761132221571883800,7.2658837890625,-3.622783660888672,-5.8651227951049805,-1.6284581422805786
1761132221581883600,7.275883544921875,-1.93980073928833,-5.168776988983154,-2.234339952468872
1761132221591883800,7.2858837890625,-0.22422122955322266,-4.6171488761901855,-2.6974360942840576
1761132221601883600,7.295883544921875,1.6728830337524414,-4.269276142120361,-2.475154161453247
1761132221611882800,7.3058828125,3.7006359100341797,-4.081911087036133,-2.1020758152008057
1761132221621883000,7.3158828125,4.396622657775879,-2.494940996170044,-3.7712042331695557
1761132221631883000,7.325883056640625,4.649755477905273,0.5657033920288086,-6.5854997634887695
1761132221641883000,7.3358828125,5.65922737121582,3.506887912750244,-7.061814308166504
1761132221651883000,7.345883056640625,9.069474220275879,6.992338180541992,-6.709019184112549
1761132221661883000,7.3558828125,14.130630493164062,9.436985969543457,-5.047146797180176
1761132221671882800,7.3658828125,18.434669494628906,10.516609191894531,-2.7902586460113525
1761132221681883000,7.3758828125,20.867168426513672,11.33165168762207,-0.4746171236038208
1761132221691882800,7.3858828125,20.107961654663086,11.652202606201172,2.3630459308624268
1761132221701883000,7.3958828125,18.338499069213867,11.558462142944336,4.873655319213867
1761132221711883800,7.4058837890625,17.002845764160156,11.089198112487793,6.762469291687012
1761132221721883600,7.415883544921875,14.391152381896973,10.228675842285156,7.460984230041504
1761132221731883800,7.4258837890625,9.665332794189453,9.1846923828125,6.293725490570068
1761132221741883600,7.435883544921875,4.082485198974609,7.200880527496338,5.951955795288086
1761132221751883800,7.4458837890625,-0.31191062927246094,6.147599697113037,3.596867084503174
1761132221761883600,7.455883544921875,-2.6338253021240234,4.670844554901123,2.453784465789795
1761132221771883800,7.4658837890625,-2.749173641204834,3.7310259342193604,1.2849254608154297
1761132221781883600,7.475883544921875,-2.166316032409668,2.6957311630249023,0.313367635011673
1761132221791883800,7.4858837890625,-1.7989234924316406,2.2622554302215576,-0.9567830562591553
1761132221801883600,7.495883544921875,-2.2157678604125977,1.523491382598877,-1.1536445617675781
1761132221811882800,7.5058828125,-3.116603374481201,1.1089203357696533,0.306510329246521
1761132221821883000,7.5158828125,-4.497017860412598,1.5050768852233887,-0.8979939818382263
1761132221831882800,7.5258828125,-6.112870216369629,2.0780179500579834,-0.9286630153656006
1761132221841883000,7.5358828125,-7.374744415283203,2.0795085430145264,-0.982243537902832
1761132221851882800,7.5458828125,-8.355856895446777,1.2954201698303223,-0.15992295742034912
1761132221861883000,7.5558828125,-9.482406616210938,0.5128884315490723,0.6041926145553589
1761132221871882800,7.5658828125,-10.304605484008789,0.026798725128173828,0.5462580919265747
1761132221881883000,7.5758828125,-10.927501678466797,-0.47217822074890137,0.20922231674194336
1761132221891882800,7.5858828125,-11.294792175292969,-1.1367807388305664,-0.2035144567489624
1761132221901883000,7.5958828125,-11.361355781555176,-1.7733243703842163,-0.6986101865768433
1761132221911883500,7.605883544921875,-11.202970504760742,-2.2862021923065186,-1.3734230995178223
1761132221921883600,7.615883544921875,-10.785350799560547,-2.7915682792663574,-2.009152412414551
1761132221931883500,7.625883544921875,-10.391518592834473,-3.1828155517578125,-2.2677736282348633
1761132221941883600,7.635883544921875,-10.013459205627441,-3.534792423248291,-2.414304494857788
1761132221951883500,7.645883544921875,-9.341411590576172,-3.8789894580841064,-2.6258625984191895
1761132221961883600,7.655883544921875,-8.427176475524902,-4.117103099822998,-3.126556396484375
1761132221971883500,7.665883544921875,-7.232673168182373,-4.379462242126465,-3.583685874938965
1761132221981883600,7.675883544921875,-5.654906749725342,-4.5441460609436035,-3.945718765258789
1761132221991883500,7.685883544921875,-4.792932510375977,-5.077869415283203,-3.6551365852355957
1761132222001883600,7.695883544921875,-3.906703472137451,-5.316967487335205,-3.871976852416992
1761132222011882800,7.7058828125,-2.3807015419006348,-5.511119365692139,-3.9455068111419678
1761132222021883000,7.7158828125,-0.1518707275390625,-5.569036960601807,-3.932681083679199
1761132222031882800,7.7258828125,2.0590171813964844,-5.09320068359375,-3.8870139122009277
1761132222041883000,7.7358828125,3.540499687194824,-4.698405742645264,-3.476311206817627
1761132222051882800,7.7458828125,4.120265960693359,-3.812526226043701,-3.2160682678222656
1761132222061883000,7.7558828125,3.715007781982422,-2.065701961517334,-3.8679451942443848
1761132222071882800,7.7658828125,3.1943893432617188,-0.3102593421936035,-4.013484001159668
1761132222081883000,7.7758828125,3.255276679992676,-0.4232659339904785,-3.9051990509033203
1761132222091882800,7.7858828125,5.048389434814453,4.267745018005371,-5.513911247253418
1761132222101883000,7.7958828125,8.887200355529785,5.62888240814209,-6.681159973144531
1761132222111883800,7.8058837890625,14.570954322814941,6.309643745422363,-6.849528789520264
1761132222121883600,7.815883544921875,19.991958618164062,6.589311599731445,-5.875276565551758
1761132222131883800,7.8258837890625,22.57745933532715,6.240170478820801,-4.445486068725586
1761132222141883600,7.835883544921875,21.746959686279297,5.8285040855407715,-3.0002689361572266
1761132222151883800,7.8458837890625,19.01042938232422,6.161089897155762,-1.974936842918396
1761132222161883600,7.855883544921875,14.50365924835205,6.3084211349487305,-0.6231134533882141
1761132222171883800,7.8658837890625,8.820979118347168,6.3426313400268555,0.9015569090843201
1761132222181883600,7.875883544921875,3.752584457397461,6.1888227462768555,1.5963619947433472
1761132222191883800,7.8858837890625,0.6441173553466797,5.515528678894043,1.8003559112548828
1761132222201883600,7.895883544921875,0.5840044021606445,4.239957809448242,1.1066348552703857
1761132222211882800,7.9058828125,0.4811363220214844,4.521410942077637,1.2534339427947998
1761132222221883000,7.9158828125,2.481203079223633,2.1983957290649414,-0.876507043838501
1761132222231882800,7.9258828125,2.063572883605957,2.2232935428619385,-1.5574157238006592
1761132222241883000,7.9358828125,0.9153623580932617,2.460458278656006,-1.8260753154754639
1761132222251882800,7.9458828125,-0.740386962890625,2.655367136001587,-1.676088809967041
1761132222261883000,7.9558828125,-2.5778141021728516,2.914717674255371,-1.351444959640503
1761132222271882800,7.9658828125,-4.669187545776367,3.0922625064849854,-0.9750657081604004
1761132222281883000,7.9758828125,-6.140703201293945,3.16107177734375,-0.6772991418838501
1761132222291882800,7.9858828125,-7.2023491859436035,3.0185444355010986,-0.4175674617290497
1761132222301882600,7.995882568359375,-7.933714389801025,2.6847946643829346,-0.07530255615711212
1761132222311883500,8.005883544921875,-8.4716796875,2.2420527935028076,0.1325138807296753
1761132222321883600,8.015883544921875,-9.107810974121094,1.5730950832366943,0.3927416205406189
1761132222331883500,8.025883544921875,-9.316179275512695,1.0567750930786133,1.0315101146697998
1761132222341883400,8.03588330078125,-9.384908676147461,0.9161999225616455,1.3336659669876099
1761132222351883500,8.045883544921875,-9.59656810760498,0.7989883422851562,1.3458672761917114
1761132222361883600,8.055883544921874,-10.103047370910645,0.7409868240356445,1.5045620203018188
1761132222371883500,8.065883544921874,-10.226033210754395,0.639340877532959,1.547250509262085
1761132222381883600,8.075883544921876,-10.067842483520508,0.38419198989868164,2.003098964691162
1761132222391883500,8.085883544921876,-10.162622451782227,0.06359028816223145,1.9304025173187256
1761132222401883600,8.095883544921875,-10.291125297546387,-0.048821210861206055,1.3496530055999756
1761132222411882800,8.1058828125,-10.602405548095703,-0.29799842834472656,0.617980420589447
1761132222421883000,8.1158828125,-10.620980262756348,-0.6534357070922852,0.9271366000175476
1761132222431882800,8.1258828125,-10.342363357543945,-0.7395124435424805,2.1763999462127686
1761132222441883000,8.1358828125,-10.422901153564453,0.5274820327758789,1.209175705909729
1761132222451882800,8.1458828125,-9.53704833984375,0.378054141998291,0.6500176787376404
1761132222461883000,8.1558828125,-8.484612464904785,0.28293800354003906,-0.15598931908607483
1761132222471882800,8.1658828125,-7.30646276473999,0.6196179389953613,-0.634255588054657
1761132222481883000,8.1758828125,-6.427955627441406,0.575592041015625,-0.5860782861709595
1761132222491882800,8.1858828125,6.737966537475586,-1.9875378608703613,1.4937368631362915
1761132222501883000,8.1958828125,12.717999458312988,-0.9996440410614014,-1.7646152973175049
1761132222511883800,8.2058837890625,14.34607219696045,2.058917999267578,-4.835559368133545
1761132222521883600,8.215883544921875,12.272439956665039,1.9854602813720703,-3.3489248752593994
1761132222531883800,8.2258837890625,10.070229530334473,2.3826465606689453,-2.8042404651641846
1761132222541883600,8.235883544921874,10.97769832611084,3.856753349304199,-4.877289772033691
1761132222551883800,8.2458837890625,13.546686172485352,2.679126262664795,-5.137914657592773
1761132222561883600,8.255883544921875,16.589378356933594,1.0442838668823242,-3.1717920303344727
1761132222571883800,8.2658837890625,15.932794570922852,0.7789850234985352,-0.8479527235031128
1761132222581883600,8.275883544921875,13.107308387756348,1.4358673095703125,0.7363100051879883
1761132222591883800,8.2858837890625,9.775224685668945,2.0114293098449707,1.5105376243591309
1761132222601883600,8.295883544921875,6.620484352111816,1.8419132232666016,1.8514422178268433
1761132222611882800,8.3058828125,4.7907867431640625,1.6366252899169922,1.7487030029296875
1761132222621883000,8.3158828125,4.396439552307129,1.3183460235595703,0.6158305406570435
1761132222631883000,8.325883056640626,4.597431182861328,0.8392367362976074,-0.46869218349456787
1761132222641883000,8.3358828125,4.737573623657227,0.391918420791626,-1.2983379364013672
1761132222651883000,8.345883056640625,4.667352676391602,0.5330290794372559,-1.2331266403198242
1761132222661883000,8.3558828125,3.3370704650878906,0.20427370071411133,-1.3859871625900269
1761132222671883000,8.365883056640625,1.880986213684082,0.43549680709838867,-0.9262577891349792
1761132222681883000,8.3758828125,0.7293615341186523,0.7063291072845459,-0.6247512102127075
1761132222691882800,8.3858828125,-0.45615196228027344,0.840979814529419,-0.30884402990341187
1761132222701883000,8.3958828125,-1.9955201148986816,0.9313290119171143,-0.018819451332092285
1761132222711883500,8.405883544921876,-3.432936668395996,0.9541261196136475,0.1530604362487793
1761132222721883600,8.415883544921876,-4.604377746582031,0.9127597808837891,0.1434159278869629
1761132222731883500,8.425883544921875,-5.346381187438965,0.6609809398651123,-0.2506141662597656
1761132222741883600,8.435883544921875,-5.416887283325195,0.27750134468078613,-0.7679039239883423
1761132222751883500,8.445883544921875,-4.972034931182861,-0.10863852500915527,-1.1540225744247437
1761132222761883600,8.455883544921875,-4.277461051940918,-0.5604407787322998,-1.4458011388778687
1761132222771883500,8.465883544921875,-4.242562294006348,-0.6319503784179688,-1.4811676740646362
1761132222781883600,8.475883544921874,-3.384796619415283,-0.9647502899169922,-1.5945334434509277
1761132222791883500,8.485883544921874,-3.3859572410583496,-0.46839118003845215,-1.5174720287322998
1761132222801883600,8.495883544921876,-3.4062414169311523,0.28821325302124023,-1.6936671733856201
1761132222811882800,8.5058828125,-3.6873292922973633,0.6749043464660645,-1.6477680206298828
1761132222821882600,8.515882568359375,-3.9567928314208984,0.914642333984375,-1.1784532070159912
1761132222831882800,8.5258828125,-4.079843521118164,1.210066318511963,-0.47519779205322266
1761132222841882600,8.535882568359375,-3.8854856491088867,1.33738374710083,0.028964102268218994
1761132222851882800,8.5458828125,-3.0368528366088867,0.8167080879211426,0.14888060092926025
1761132222861882600,8.555882568359374,-3.020132064819336,0.7919254302978516,0.09211587905883789
1761132222871882800,8.5658828125,0.37960052490234375,-0.892157793045044,-0.08584791421890259
1761132222881882600,8.575882568359376,1.7862157821655273,-1.6874973773956299,-0.7612106204032898
1761132222891882800,8.5858828125,2.2173824310302734,-2.5896573066711426,-1.4906562566757202
1761132222901882600,8.595882568359375,2.2297897338867188,-2.5843896865844727,-2.020413875579834
1761132222911883500,8.605883544921875,2.197556495666504,-1.6208889484405518,-2.2823219299316406
1761132222921883600,8.615883544921875,1.628056526184082,-0.7503800392150879,-2.229506731033325
1761132222931883500,8.625883544921875,0.9068622589111328,-0.04419279098510742,-1.8054275512695312
1761132222941883600,8.635883544921874,0.29100799560546875,0.41266775131225586,-1.263526201248169
1761132222951883500,8.645883544921874,-0.3105306625366211,0.46345090866088867,-1.0510386228561401
1761132222961883600,8.655883544921876,-0.9927229881286621,0.20713376998901367,-1.252400517463684
1761132222971883500,8.665883544921876,-0.9691691398620605,0.15813255310058594,-1.2505918741226196
1761132222981883600,8.675883544921875,-2.0429158210754395,0.012927055358886719,-1.8799118995666504
1761132222991883500,8.685883544921875,-2.5907516479492188,0.04596138000488281,-1.6973986625671387
1761132223001883600,8.695883544921875,-2.9716787338256836,0.2474679946899414,-1.3246028423309326
1761132223011882800,8.7058828125,-3.21417236328125,0.4976682662963867,-1.036960482597351
1761132223021882600,8.715882568359374,-3.0919299125671387,0.6752896308898926,-0.9049134850502014
1761132223031882800,8.7258828125,-2.6778783798217773,0.7572975158691406,-0.7809982299804688
1761132223041882600,8.735882568359376,-2.0944738388061523,0.885319709777832,-0.719285249710083
1761132223051882800,8.7458828125,-1.4601507186889648,1.035010814666748,-0.7097830772399902
1761132223061882600,8.755882568359375,-0.780672550201416,1.0228986740112305,-0.7914153933525085
1761132223071882800,8.7658828125,-0.12529850006103516,0.9540557861328125,-0.9140002727508545
1761132223081882600,8.775882568359375,0.059966087341308594,0.8504037857055664,-1.1585447788238525
1761132223091882800,8.7858828125,-0.0862131118774414,0.7941017150878906,-1.487339735031128
1761132223101882600,8.795882568359374,-0.1836700439453125,0.8297257423400879,-1.6818699836730957
1761132223111883500,8.805883544921874,-0.19288349151611328,0.9520511627197266,-1.8344051837921143
1761132223121883600,8.815883544921874,-0.10446929931640625,1.0023484230041504,-1.9263055324554443
1761132223131883500,8.825883544921876,-0.1124258041381836,1.0128560066223145,-1.8724310398101807
1761132223141883600,8.835883544921876,-0.7303619384765625,0.8695211410522461,-1.567095398902893
1761132223151883500,8.845883544921875,-1.0676555633544922,0.9987835884094238,-1.6743786334991455
1761132223161883600,8.855883544921875,-1.2985296249389648,1.1290440559387207,-1.7083882093429565
1761132223171883500,8.865883544921875,-1.0942573547363281,1.0580716133117676,-1.769965410232544
1761132223181883600,8.875883544921875,-0.5757389068603516,0.9415798187255859,-1.5543922185897827
1761132223191883500,8.885883544921874,-0.4209012985229492,1.2631382942199707,-2.130828619003296
1761132223201883600,8.895883544921874,0.00994110107421875,1.1733083724975586,-1.9379138946533203
1761132223211882800,8.9058828125,0.8286504745483398,0.9519619941711426,-1.144099473953247
1761132223221882600,8.915882568359375,1.1798419952392578,0.7750067710876465,-0.33210504055023193
1761132223231882800,8.9258828125,1.1345348358154297,0.647214412689209,0.1497553288936615
1761132223241882600,8.935882568359375,1.1457452774047852,0.630131721496582,0.09448832273483276
